pixel,efficiency,p,p_after_U
Port_A,0.95,0.0028066897025347828,0.0684269898495813
Port_B,0.9,0.0029199120448671918,0.06482556933118229
