pixel,traj_rel,p_ti
Port_A,0.5161290322580645,0.0684269898495813
Port_B,0.4838709677419355,0.06482556933118229
