{
  "ST_L5_ball": [
    {
      "J": 0.5,
      "n_ball": 175,
      "deg_max": 6,
      "epsilons": [
        0.005,
        0.01,
        0.02,
        0.05
      ],
      "fits": [
        [
          0.005,
          0.6547619047619043,
          -1.0514285714285703,
          0.9398500912695414,
          1.5272727272727282
        ],
        [
          0.01,
          1.0571428571428567,
          -1.9504761904761898,
          0.8276604234429222,
          0.9459459459459463
        ],
        [
          0.02,
          1.4152380952380954,
          -2.386666666666666,
          0.8228815289928197,
          0.7065948855989233
        ],
        [
          0.05,
          5.082859437751005,
          -8.987116465863457,
          0.6066063451806853,
          0.19673965260043988
        ]
      ],
      "v_mean": 0.8441383028545094,
      "v_sd": 0.5522923869347286,
      "v_boot_med": 0.7046872325341633,
      "v_boot_ci": [
        0.5607932379713914,
        0.8822773972602739
      ],
      "tgrid": [
        0.0,
        80.0,
        1201
      ]
    },
    {
      "J": 1.0,
      "n_ball": 175,
      "deg_max": 6,
      "epsilons": [
        0.005,
        0.01,
        0.02,
        0.05
      ],
      "fits": [
        [
          0.005,
          0.32738095238095216,
          -0.5257142857142851,
          0.9398500912695414,
          3.0545454545454565
        ],
        [
          0.01,
          0.5285714285714284,
          -0.9752380952380949,
          0.8276604234429222,
          1.8918918918918926
        ],
        [
          0.02,
          0.7076190476190477,
          -1.193333333333333,
          0.8228815289928197,
          1.4131897711978465
        ],
        [
          0.05,
          2.5414297188755026,
          -4.493558232931728,
          0.6066063451806853,
          0.39347930520087976
        ]
      ],
      "v_mean": 1.6882766057090188,
      "v_sd": 1.1045847738694572,
      "v_boot_med": 1.410328302923443,
      "v_boot_ci": [
        1.1984082444773225,
        1.7461099984594055
      ],
      "tgrid": [
        0.0,
        40.0,
        1201
      ]
    },
    {
      "J": 2.0,
      "n_ball": 175,
      "deg_max": 6,
      "epsilons": [
        0.005,
        0.01,
        0.02,
        0.05
      ],
      "fits": [
        [
          0.005,
          0.16369047619047608,
          -0.26285714285714257,
          0.9398500912695414,
          6.109090909090913
        ],
        [
          0.01,
          0.2642857142857142,
          -0.48761904761904745,
          0.8276604234429222,
          3.783783783783785
        ],
        [
          0.02,
          0.35380952380952385,
          -0.5966666666666665,
          0.8228815289928197,
          2.826379542395693
        ],
        [
          0.05,
          1.2707148594377513,
          -2.246779116465864,
          0.6066063451806853,
          0.7869586104017595
        ]
      ],
      "v_mean": 3.3765532114180377,
      "v_sd": 2.2091695477389144,
      "v_boot_med": 2.8411189939205745,
      "v_boot_ci": [
        2.3198594024604566,
        3.5354872881355934
      ],
      "tgrid": [
        0.0,
        20.0,
        1201
      ]
    }
  ]
}