{
  "level": 6,
  "ball_size": 259,
  "radius": 8,
  "deg_max": 6,
  "J": 1.0,
  "eps_amp": [
    0.005,
    0.01,
    0.02,
    0.05
  ],
  "fits_amp": [
    [
      0.005,
      0.42250566893424035,
      -0.782823129251701,
      0.8711093310627837,
      2.3668321481282706
    ],
    [
      0.01,
      0.560374149659864,
      -1.0877551020408172,
      0.8865121693254757,
      1.7845220030349012
    ],
    [
      0.02,
      0.92953514739229,
      -1.8561224489795913,
      0.7584824231411122,
      1.0758065499786549
    ],
    [
      0.05,
      4.776599870717517,
      -8.928636069812539,
      0.46124790354256906,
      0.20935393942674646
    ]
  ],
  "v_amp_mean": 1.3591286601421433,
  "v_amp_sd": 0.9307128347635022,
  "v_amp_boot_med": 1.0963298069085123,
  "v_amp_boot_ci": [
    0.8471256770011518,
    1.3030729145125926
  ],
  "eps_otoc": [
    0.0001,
    0.0005,
    0.001,
    0.002
  ],
  "fits_otoc": [
    [
      0.0001,
      0.560374149659864,
      -1.0877551020408172,
      0.8865121693254757,
      1.7845220030349012
    ],
    [
      0.0005,
      1.2565192743764175,
      -2.787074829931975,
      0.4939903108354635,
      0.7958493119783441
    ],
    [
      0.001,
      2.034837092731829,
      -4.528320802005014,
      0.7512896184853872,
      0.4914398324916863
    ],
    [
      0.002,
      3.2427649769585227,
      -5.998832565284171,
      0.4532515220679362,
      0.30837880854934085
    ]
  ],
  "v_otoc_mean": 0.8450474890135682,
  "v_otoc_sd": 0.6577954267757622,
  "v_otoc_boot_med": 0.48999618948790025,
  "v_otoc_boot_ci": [
    0.42371256619857645,
    0.6055387295365914
  ],
  "tgrid": [
    0.0,
    40.0,
    1401
  ]
}