distance,t_first
1,0.07500000000000001
2,0.35000000000000003
3,0.875
4,2.875
5,5.45
6,
