distance,t_first
5,1.575
8,2.9625
11,4.3875
14,5.85
17,7.3125
20,8.775
23,10.237499999999999
26,11.737499999999999
29,13.2
32,14.7
35,16.2
38,17.7
