{
  "chain": {
    "L": 121,
    "J": 1.0,
    "v_hat": 2.134155459415106,
    "v_sd": 0.07353733140621208,
    "fits": [
      [
        0.005,
        0.4517045454545456,
        -1.5960227272727312,
        0.99937780569755
      ],
      [
        0.01,
        0.46171328671328654,
        -1.4455856643356635,
        0.9995793693473315
      ],
      [
        0.02,
        0.4728146853146852,
        -1.2717657342657325,
        0.9997298041193766
      ],
      [
        0.05,
        0.4897290209790208,
        -0.9760489510489522,
        0.9999193546787838
      ]
    ]
  },
  "ST_L4_ball": {
    "n_ball": 121,
    "radius": 6,
    "J": 1.0,
    "v_hat": 2.0980199854677415,
    "v_sd": 1.1784564232293302,
    "fits": [
      [
        0.005,
        0.295714285714286,
        -0.4266666666666675,
        0.9552071335686421
      ],
      [
        0.01,
        0.3671428571428574,
        -0.5266666666666677,
        0.96052644335644
      ],
      [
        0.02,
        0.6521428571428578,
        -1.0450000000000026,
        0.9101638377673078
      ],
      [
        0.05,
        1.3274999999999992,
        -2.0574999999999974,
        0.866665642097498
      ]
    ]
  }
}