epsilon,slope_a,intercept_b,R2,v_hat
0.005,0.32738095238095216,-0.5257142857142851,0.9398500912695414,3.0545454545454565
0.01,0.5285714285714284,-0.9752380952380949,0.8276604234429222,1.8918918918918926
0.02,0.7076190476190477,-1.193333333333333,0.8228815289928197,1.4131897711978465
0.05,2.5414297188755026,-4.493558232931728,0.6066063451806853,0.39347930520087976
