pixel,traj_rel,p_ti
Port_A,0.5092556124458448,0.0684269898495813
Port_B,0.49074438755415517,0.06482556933118229
