pixel,traj_rel,p_ti
Port_A,0.5206708268330733,0.0684269898495813
Port_B,0.4793291731669267,0.06482556933118229
